Id,Plants,Cost,Capacity,Product,Profit,,Product,Demand
1,Sand Point-SUB,10,18,CO2 in AK,10,,,
63,Gold Creek-SUB,10,8,CO2 in AK,10,,,
64,Lemon Creek-RC,9,8,CO2 in AK,10,,,
64,Lemon Creek-BIT,9,8,CO2 in AK,12,,,
66,Skagway-RC,9,8,CO2 in AK,11,,,
69,Haines-SUB,10,8,CO2 in AK,10,,,
75,Anchorage 1-NG,5,8,CO2 in AK,17,,,
75,Anchorage 1-SUB,10,8,CO2 in AK,11,,,
75,Anchorage 1-BIT,9,8,CO2 in AK,11,,,
79,Aurora Energy LLC Chena-RC,9,8,CO2 in AK,11,,,
85,S W Bailey-SUB,10,8,CO2 in AK,9,,,
90,Snake River-SUB,10,7,CO2 in AK,10,,,
91,Petersburg-RC,9,7,CO2 in AK,11,,,
92,Seward (AK)-BIT,9,7,CO2 in AK,11,,,
95,Wrangell-SUB,10,7,CO2 in AK,10,,,
96,Beluga-BIT,9,7,CO2 in AK,10,,,
109,Dillingham-NG,5,7,CO2 in AK,18,,,
406,Tok-SUB,10,3,CO2 in AK,10,,,
421,Craig (AK)-SUB,10,3,CO2 in AK,9,,,
423,Hydaburg-NG,5,3,CO2 in AK,16,,,
789,Orca-NG,5,1,CO2 in AK,17,,CO2 in AK,149
3,Barry-SUB,10,14,CO2 in AL,9,,,
3,Barry-RC,9,14,CO2 in AL,10,,,
3,Barry-SUB,10,14,CO2 in AL,10,,,
3,Barry-RC,9,13,CO2 in AL,11,,,
7,Gadsden-SUB,10,13,CO2 in AL,9,,,
8,Gorgas-RC,9,13,CO2 in AL,11,,,
8,Gorgas-BIT,9,13,CO2 in AL,10,,,
10,Greene County-SUB,10,12,CO2 in AL,10,,,
10,Greene County-RC,9,11,CO2 in AL,10,,,
10,Greene County-SUB,10,11,CO2 in AL,10,,,
26,E C Gaston-BIT,9,11,CO2 in AL,11,,,
26,E C Gaston-RC,9,10,CO2 in AL,10,,,
26,E C Gaston-BIT,9,10,CO2 in AL,11,,,
47,Colbert-RC,9,10,CO2 in AL,11,,,
56,Charles R Lowman-SUB,10,9,CO2 in AL,10,,,
56,Charles R Lowman-BIT,9,9,CO2 in AL,10,,,
533,McWilliams-SUB,10,3,CO2 in AL,10,,,
533,McWilliams-RC,9,3,CO2 in AL,9,,,
533,McWilliams-NG,5,3,CO2 in AL,17,,,
533,McWilliams-NG,5,3,CO2 in AL,17,,CO2 in AL,196
170,Lake Catherine-BIT,9,4,CO2 in AR,12,,,
193,Municipal Light-BIT,9,4,CO2 in AR,9,,,
201,Thomas Fitzhugh-BIT,9,4,CO2 in AR,10,,,
201,Thomas Fitzhugh-NG,5,4,CO2 in AR,18,,,
202,Carl Bailey-RC,9,4,CO2 in AR,9,,,
203,McClellan (AR)-RC,9,4,CO2 in AR,9,,CO2 in AR,25
113,Cholla-BIT,9,7,CO2 in AZ,11,,,
113,Cholla-BIT,9,7,CO2 in AZ,11,,,
113,Cholla-SUB,10,6,CO2 in AZ,10,,,
114,Douglas-BIT,9,6,CO2 in AZ,10,,,
116,Ocotillo-RC,9,6,CO2 in AZ,11,,,
117,West Phoenix-SUB,10,6,CO2 in AZ,9,,,
117,West Phoenix-BIT,9,6,CO2 in AZ,11,,,
117,West Phoenix-RC,9,6,CO2 in AZ,10,,,
117,West Phoenix-BIT,9,6,CO2 in AZ,10,,,
118,Saguaro-RC,9,6,CO2 in AZ,12,,,
120,Yucca-SUB,10,6,CO2 in AZ,10,,,
120,Yucca-SUB,10,6,CO2 in AZ,10,,,
120,Yucca-BIT,9,6,CO2 in AZ,10,,,
124,Demoss Petrie-RC,9,5,CO2 in AZ,10,,,
126,H Wilson Sundt Generating Station-RC,9,5,CO2 in AZ,10,,,
126,H Wilson Sundt Generating Station-RC,9,5,CO2 in AZ,10,,,
141,Agua Fria-BIT,9,5,CO2 in AZ,10,,,
141,Agua Fria-RC,9,5,CO2 in AZ,10,,,
141,Agua Fria-RC,9,5,CO2 in AZ,10,,,
147,Kyrene-BIT,9,5,CO2 in AZ,10,,,
147,Kyrene-NG,5,5,CO2 in AZ,16,,,
147,Kyrene-SUB,10,5,CO2 in AZ,11,,,
160,Apache Station-RC,9,5,CO2 in AZ,10,,,
160,Apache Station-BIT,9,5,CO2 in AZ,10,,,
160,Apache Station-BIT,9,4,CO2 in AZ,10,,,
160,Apache Station-BIT,9,4,CO2 in AZ,9,,CO2 in AZ,143
151,McClure-LIG,10,5,CO2 in CA,9,,,
151,McClure-BIT,9,5,CO2 in CA,11,,,
246,Humboldt Bay-SUB,10,4,CO2 in CA,9,,,
246,Humboldt Bay-BIT,9,4,CO2 in CA,10,,,
260,Dynegy Moss Landing Power Plant Hybrid-RC,9,4,CO2 in CA,9,,,
260,Dynegy Moss Landing Power Plant Hybrid-RC,9,4,CO2 in CA,10,,,
286,Geysers Unit 5-20-SUB,10,4,CO2 in CA,9,,,
315,AES Alamitos LLC-NG,5,4,CO2 in CA,18,,,
335,AES Huntington Beach LLC-NG,5,4,CO2 in CA,17,,,
341,Long Beach Generation LLC-SUB,10,4,CO2 in CA,11,,,
350,Ormond Beach-BIT,9,4,CO2 in CA,11,,,
356,AES Redondo Beach LLC-SUB,10,4,CO2 in CA,11,,,
358,Mountainview Generating Station-SUB,10,4,CO2 in CA,10,,,
358,Mountainview Generating Station-BIT,9,4,CO2 in CA,11,,,
377,Grayson-NG,5,3,CO2 in CA,29,,,
377,Grayson-NG,5,3,CO2 in CA,17,,,
377,Grayson-RC,9,3,CO2 in CA,10,,,
377,Grayson-NG,5,3,CO2 in CA,29,,,
389,El Centro Hybrid-NG,5,3,CO2 in CA,17,,,
389,El Centro Hybrid-SGC,14,3,CO2 in CA,4,,,
389,El Centro Hybrid-NG,5,3,CO2 in CA,18,,,
399,Harbor-SUB,10,3,CO2 in CA,10,,,
399,Harbor-RC,9,3,CO2 in CA,10,,,
399,Harbor-NG,5,3,CO2 in CA,17,,,
400,Haynes-BIT,9,3,CO2 in CA,11,,,
400,Haynes-LIG,10,3,CO2 in CA,10,,,
400,Haynes-NG,5,3,CO2 in CA,27,,,
400,Haynes-BIT,9,3,CO2 in CA,10,,,
404,Scattergood-LIG,10,3,CO2 in CA,9,,,
404,Scattergood-RC,9,3,CO2 in CA,10,,,
404,Scattergood-NG,5,3,CO2 in CA,18,,,
404,Scattergood-NG,5,3,CO2 in CA,16,,,
408,Valley (CA)-SUB,10,3,CO2 in CA,9,,,
408,Valley (CA)-NG,5,3,CO2 in CA,27,,,
408,Valley (CA)-SUB,10,3,CO2 in CA,9,,,
408,Valley (CA)-NG,5,3,CO2 in CA,18,,,
422,Glenarm-RC,9,3,CO2 in CA,10,,,
422,Glenarm-BIT,9,3,CO2 in CA,9,,,
422,Glenarm-NG,5,3,CO2 in CA,18,,,
510,Sonoma California Geothermal-SUB,10,3,CO2 in CA,10,,,
535,McClellan (CA)-NG,5,3,CO2 in CA,17,,CO2 in CA,140
460,Pueblo-NG,5,3,CO2 in CO,20,,,
464,Alamosa-SUB,10,3,CO2 in CO,10,,,
464,Alamosa-NG,5,3,CO2 in CO,17,,,
469,Cherokee-NG,5,3,CO2 in CO,17,,,
469,Cherokee-SUB,10,3,CO2 in CO,9,,,
469,Cherokee-NG,5,3,CO2 in CO,17,,,
470,Comanche (CO)-NG,5,3,CO2 in CO,19,,,
470,Comanche (CO)-RC,9,3,CO2 in CO,9,,,
471,Fruita-NG,5,3,CO2 in CO,18,,,
471,Fruita-NG,5,3,CO2 in CO,17,,,
477,Valmont-NG,5,3,CO2 in CO,17,,,
492,Martin Drake-LIG,10,3,CO2 in CO,9,,,
492,Martin Drake-SUB,10,3,CO2 in CO,8,,,
493,George Birdsall-NG,5,3,CO2 in CO,19,,,
493,George Birdsall-SUB,10,3,CO2 in CO,9,,,
502,Holly-SUB,10,3,CO2 in CO,10,,,
506,La Junta-BIT,9,3,CO2 in CO,10,,,
511,Trinidad (CO)-LIG,10,3,CO2 in CO,8,,,
525,Hayden-SUB,10,3,CO2 in CO,9,,,
525,Hayden-BIT,9,3,CO2 in CO,10,,,
525,Hayden-BIT,9,3,CO2 in CO,12,,,
527,Nucla-BIT,9,3,CO2 in CO,10,,,
527,Nucla-NG,5,3,CO2 in CO,17,,CO2 in CO,64
540,Branford-BIT,9,3,CO2 in CT,9,,,
542,Cos Cob-NG,5,3,CO2 in CT,17,,,
544,Devon Station-NG,5,3,CO2 in CT,19,,,
544,Devon Station-SUB,10,3,CO2 in CT,10,,,
546,Montville Station-BIT,9,3,CO2 in CT,10,,,
546,Montville Station-NG,5,3,CO2 in CT,16,,,
546,Montville Station-BIT,9,3,CO2 in CT,10,,,
546,Montville Station-NG,5,3,CO2 in CT,17,,,
557,Tunnel-NG,5,2,CO2 in CT,18,,,
561,Franklin Drive-RC,9,2,CO2 in CT,9,,,
562,Middletown-NG,5,2,CO2 in CT,16,,,
562,Middletown-NG,5,2,CO2 in CT,17,,,
562,Middletown-BIT,9,2,CO2 in CT,3,,,
562,Middletown-NG,5,2,CO2 in CT,17,,,
563,South Meadow-NG,5,2,CO2 in CT,29,,,
565,Torrington Terminal-NG,5,2,CO2 in CT,16,,,
568,Bridgeport Station-SUB,10,2,CO2 in CT,8,,,
568,Bridgeport Station-SUB,10,2,CO2 in CT,10,,,
568,Bridgeport Station-BIT,9,2,CO2 in CT,10,,,
568,Bridgeport Station-NG,5,2,CO2 in CT,19,,,
568,Bridgeport Station-NG,5,2,CO2 in CT,25,,,
581,North Main Street-NG,5,2,CO2 in CT,17,,CO2 in CT,53
591,Christiana-NG,5,2,CO2 in DE,18,,,
592,Delaware City 10-RC,9,2,CO2 in DE,10,,,
593,Edge Moor-SUB,10,2,CO2 in DE,8,,,
593,Edge Moor-NG,5,2,CO2 in DE,18,,,
593,Edge Moor-NG,5,2,CO2 in DE,18,,,
594,Indian River Generating Station-NG,5,2,CO2 in DE,15,,,
594,Indian River Generating Station-NG,5,2,CO2 in DE,25,,,
594,Indian River Generating Station-NG,5,2,CO2 in DE,17,,,
597,West Station (DE)-NG,5,2,CO2 in DE,18,,,
599,McKee Run-NG,5,2,CO2 in DE,18,,CO2 in DE,21
136,Seminole (FL)-SUB,10,5,CO2 in FL,10,,,
136,Seminole (FL)-SUB,10,5,CO2 in FL,9,,,
564,Stanton Energy Center-LIG,10,2,CO2 in FL,9,,,
564,Stanton Energy Center-NG,5,2,CO2 in FL,20,,,
564,Stanton Energy Center-NG,5,2,CO2 in FL,23,,,
564,Stanton Energy Center-LIG,10,2,CO2 in FL,9,,,
609,Cape Canaveral-BIT,9,2,CO2 in FL,9,,,
609,Cape Canaveral-NG,5,2,CO2 in FL,18,,,
609,Cape Canaveral-NG,5,2,CO2 in FL,17,,,
609,Cape Canaveral-NG,5,2,CO2 in FL,19,,,
612,Fort Myers-NG,5,2,CO2 in FL,20,,,
612,Fort Myers-NG,5,2,CO2 in FL,17,,,
612,Fort Myers-BIT,9,2,CO2 in FL,10,,,
612,Fort Myers-NG,5,2,CO2 in FL,17,,,
613,Lauderdale-NG,5,2,CO2 in FL,15,,,
613,Lauderdale-NG,5,2,CO2 in FL,17,,,
617,Port Everglades-NG,5,2,CO2 in FL,17,,,
617,Port Everglades-BIT,9,2,CO2 in FL,10,,,
617,Port Everglades-NG,5,2,CO2 in FL,16,,,
617,Port Everglades-NG,5,2,CO2 in FL,13,,,
619,Riviera-RFO,8,2,CO2 in FL,12,,,
619,Riviera-SUB,10,2,CO2 in FL,10,,,
619,Riviera-NG,5,2,CO2 in FL,21,,,
619,Riviera-SUB,10,2,CO2 in FL,9,,,
620,Sanford-NG,5,2,CO2 in FL,17,,,
620,Sanford-WC,9,2,CO2 in FL,10,,,
621,Turkey Point-NG,5,2,CO2 in FL,17,,,
621,Turkey Point-NG,5,2,CO2 in FL,17,,,
621,Turkey Point-NG,5,2,CO2 in FL,18,,,
621,Turkey Point-NG,5,2,CO2 in FL,19,,,
624,Avon Park-NG,5,2,CO2 in FL,16,,,
624,Avon Park-PC,10,2,CO2 in FL,9,,,
627,Bayboro-NG,5,2,CO2 in FL,18,,,
628,Crystal River-NG,5,2,CO2 in FL,16,,,
628,Crystal River-SUB,10,2,CO2 in FL,9,,,
628,Crystal River-NG,5,2,CO2 in FL,18,,,
628,Crystal River-SUB,10,2,CO2 in FL,9,,,
630,Higgins-BIT,9,2,CO2 in FL,9,,,
634,P L Bartow-PC,10,2,CO2 in FL,8,,,
634,P L Bartow-NG,5,2,CO2 in FL,17,,,
634,P L Bartow-SUB,10,2,CO2 in FL,9,,,
634,P L Bartow-NG,5,2,CO2 in FL,17,,,
638,Suwannee River-NG,5,2,CO2 in FL,14,,,
638,Suwannee River-NG,5,2,CO2 in FL,20,,,
641,Crist-SUB,10,2,CO2 in FL,10,,,
641,Crist-NG,5,2,CO2 in FL,18,,,
641,Crist-BIT,9,2,CO2 in FL,9,,,
643,Lansing Smith-NG,5,2,CO2 in FL,17,,,
643,Lansing Smith-NG,5,2,CO2 in FL,18,,,
643,Lansing Smith-NG,5,2,CO2 in FL,17,,,
645,Big Bend-RC,9,2,CO2 in FL,8,,,
645,Big Bend-NG,5,2,CO2 in FL,16,,,
645,Big Bend-SUB,10,2,CO2 in FL,9,,,
663,Deerhaven Generating Station-SUB,10,2,CO2 in FL,10,,,
663,Deerhaven Generating Station-SUB,10,2,CO2 in FL,9,,,
663,Deerhaven Generating Station-BIT,9,2,CO2 in FL,10,,,
663,Deerhaven Generating Station-NG,5,2,CO2 in FL,17,,,
663,Deerhaven Generating Station-NG,5,2,CO2 in FL,18,,,
664,John R Kelly-BIT,9,2,CO2 in FL,9,,,
664,John R Kelly-NG,5,2,CO2 in FL,17,,,
665,G W Ivey-NG,5,2,CO2 in FL,17,,,
665,G W Ivey-NG,5,2,CO2 in FL,17,,,
666,J D Kennedy-NG,5,2,CO2 in FL,18,,,
666,J D Kennedy-NG,5,2,CO2 in FL,16,,,
667,Northside Generating Station-SUB,10,2,CO2 in FL,10,,,
667,Northside Generating Station-NG,5,2,CO2 in FL,29,,,
667,Northside Generating Station-BIT,9,2,CO2 in FL,9,,,
667,Northside Generating Station-NG,5,2,CO2 in FL,19,,,
667,Northside Generating Station-NG,5,2,CO2 in FL,18,,,
673,Tom G Smith-SUB,10,2,CO2 in FL,9,,,
673,Tom G Smith-NG,5,2,CO2 in FL,19,,,
673,Tom G Smith-NG,5,2,CO2 in FL,18,,,
673,Tom G Smith-NG,5,2,CO2 in FL,18,,,
673,Tom G Smith-NG,5,2,CO2 in FL,18,,,
673,Tom G Smith-NG,5,2,CO2 in FL,18,,,
673,Tom G Smith-NG,5,2,CO2 in FL,19,,,
675,Larsen Memorial-NG,5,2,CO2 in FL,16,,,
675,Larsen Memorial-RC,9,2,CO2 in FL,10,,,
675,Larsen Memorial-NG,5,2,CO2 in FL,27,,,
675,Larsen Memorial-SUB,10,2,CO2 in FL,4,,,
675,Larsen Memorial-NG,5,2,CO2 in FL,17,,,
675,Larsen Memorial-NG,5,2,CO2 in FL,15,,,
676,C D McIntosh Jr-SUB,10,2,CO2 in FL,9,,,
676,C D McIntosh Jr-NG,5,2,CO2 in FL,14,,,
676,C D McIntosh Jr-NG,5,2,CO2 in FL,15,,,
676,C D McIntosh Jr-NG,5,2,CO2 in FL,18,,,
676,C D McIntosh Jr-NG,5,2,CO2 in FL,16,,,
676,C D McIntosh Jr-NG,5,2,CO2 in FL,17,,,
683,Indian River Plant-NG,5,2,CO2 in FL,17,,,
683,Indian River Plant-NG,5,2,CO2 in FL,17,,,
688,Arvah B Hopkins-BIT,9,2,CO2 in FL,3,,,
688,Arvah B Hopkins-NG,5,2,CO2 in FL,18,,,
688,Arvah B Hopkins-NG,5,2,CO2 in FL,18,,,
688,Arvah B Hopkins-NG,5,2,CO2 in FL,16,,,
688,Arvah B Hopkins-SUB,10,2,CO2 in FL,5,,,
689,S O Purdom-NG,5,2,CO2 in FL,18,,,
689,S O Purdom-NG,5,2,CO2 in FL,27,,,
696,Marathon Generating Plant-NG,5,1,CO2 in FL,18,,CO2 in FL,180
703,Bowen-NG,5,1,CO2 in GA,17,,,
703,Bowen-NG,5,1,CO2 in GA,17,,,
708,Hammond-NG,5,1,CO2 in GA,16,,,
708,Hammond-NG,5,1,CO2 in GA,28,,,
710,Jack McDonough-NG,5,1,CO2 in GA,15,,,
710,Jack McDonough-NG,5,1,CO2 in GA,18,,,
710,Jack McDonough-RC,9,1,CO2 in GA,10,,,
710,Jack McDonough-NG,5,1,CO2 in GA,17,,,
715,McManus-SUB,10,1,CO2 in GA,10,,,
715,McManus-NG,5,1,CO2 in GA,17,,,
728,Yates-NG,5,1,CO2 in GA,12,,,
732,Boulevard-NG,5,1,CO2 in GA,28,,,
753,Crisp Plant-BIT,9,1,CO2 in GA,10,,CO2 in GA,19
765,Kahe-SUB,10,1,CO2 in HI,4,,,
766,Waiau-NG,5,1,CO2 in HI,26,,,
766,Waiau-NG,5,1,CO2 in HI,17,,,
768,Waimea-NG,5,1,CO2 in HI,18,,,
769,Kanoelehua-NG,5,1,CO2 in HI,17,,,
769,Kanoelehua-LIG,10,1,CO2 in HI,8,,,
772,W H Hill-NG,5,1,CO2 in HI,18,,,
792,Palaau Power Hybrid-NG,5,1,CO2 in HI,17,,,
792,Palaau Power Hybrid-NG,5,1,CO2 in HI,28,,CO2 in HI,13
817,Salmon Diesel-NG,5,1,CO2 in ID,18,,CO2 in ID,1
384,Joliet 29-SUB,10,3,CO2 in IL,9,,,
856,E D Edwards-NG,5,1,CO2 in IL,18,,,
856,E D Edwards-NG,5,1,CO2 in IL,14,,,
861,Coffeen-LIG,10,1,CO2 in IL,9,,,
861,Coffeen-NG,5,1,CO2 in IL,18,,,
861,Coffeen-RC,9,1,CO2 in IL,10,,,
862,Grand Tower Energy Center LLC-NG,5,1,CO2 in IL,17,,,
874,Joliet 9-NG,5,1,CO2 in IL,17,,,
876,Kincaid Generation LLC-NG,5,1,CO2 in IL,16,,,
876,Kincaid Generation LLC-BIT,9,1,CO2 in IL,10,,,
879,Powerton-NG,5,1,CO2 in IL,16,,,
879,Powerton-NG,5,1,CO2 in IL,16,,,
883,Waukegan-NG,5,1,CO2 in IL,24,,CO2 in IL,20
108,Holcomb-SUB,10,7,CO2 in KS,10,,,
108,Holcomb-BIT,9,7,CO2 in KS,10,,,
54,J K Smith-BIT,9,9,CO2 in KY,11,,,
54,J K Smith-SUB,10,9,CO2 in KY,9,,CO2 in KY,31
51,Dolet Hills-RC,9,9,CO2 in LA,11,,,
51,Dolet Hills-BIT,9,9,CO2 in LA,11,,CO2 in LA,18
602,Brandon Shores-NG,5,2,CO2 in MD,16,,,
602,Brandon Shores-NG,5,2,CO2 in MD,17,,,
30,Madelia-BIT,9,10,CO2 in MN,10,,CO2 in MN,14
698,Trenton North-SUB,10,1,CO2 in MO,9,,CO2 in MO,1
59,Platte-SUB,10,9,CO2 in NE,10,,,
59,Platte-SUB,10,8,CO2 in NE,10,,,
60,Whelan Energy Center-RC,9,8,CO2 in NE,10,,,
60,Whelan Energy Center-SUB,10,8,CO2 in NE,11,,,
60,Whelan Energy Center-SUB,10,8,CO2 in NE,10,,CO2 in NE,42
87,Escalante-RC,9,7,CO2 in NM,11,,,
87,Escalante-RC,9,7,CO2 in NM,10,,CO2 in NM,15
165,GREC-NG,5,4,CO2 in OK,17,,,
165,GREC-SUB,10,4,CO2 in OK,9,,,
165,GREC-NG,5,4,CO2 in OK,16,,,
165,GREC-NG,5,4,CO2 in OK,16,,CO2 in OK,17
130,Cross-RC,9,5,CO2 in SC,10,,,
130,Cross-RC,9,5,CO2 in SC,9,,CO2 in SC,10
9,Copper-RC,9,12,CO2 in TX,11,,,
127,Oklaunion-RC,9,5,CO2 in TX,10,,,
127,Oklaunion-BIT,9,5,CO2 in TX,10,,,
298,Limestone-RC,9,4,CO2 in TX,11,,,
298,Limestone-SUB,10,4,CO2 in TX,9,,CO2 in TX,30
299,Blundell-BIT,9,4,CO2 in UT,11,,CO2 in UT,4
589,J C McNeil-SUB,10,2,CO2 in VT,9,,CO2 in VT,2
99,Frederickson-SUB,10,7,CO2 in WA,10,,,
99,Frederickson-BIT,9,7,CO2 in WA,10,,,
550,Kettle Falls Generating Station-BIT,9,2,CO2 in WA,9,,,
550,Kettle Falls Generating Station-SUB,10,2,CO2 in WA,10,,,
607,Fredonia-NG,5,2,CO2 in WA,16,,,
607,Fredonia-NG,5,2,CO2 in WA,15,,CO2 in WA,23
